<?xml version="1.0" encoding="UTF-8"?>
<!DOCTYPE hibernate-mapping PUBLIC "-//Hibernate/Hibernate Mapping DTD 3.0//EN" "http://www.hibernate.org/dtd/hibernate-mapping-3.0.dtd">
<hibernate-mapping package="fr.utbm.lo54.project.core.entity">
  <class name="Location" optimistic-lock="version" schema="LO54" table="LOCATION">
    <id name="id" type="int">
      <column name="ID"/>
      <generator class="increment"/>
    </id>
    <property name="city">
      <column name="CITY" not-null="true"/>
    </property>
  </class>
</hibernate-mapping>
